date;school_holiday
04.08.08;1
05.08.08;1
06.08.08;1
07.08.08;1
08.08.08;1
09.08.08;1
10.08.08;1
11.08.08;1
12.08.08;1
13.08.08;1
14.08.08;1
15.08.08;1
16.08.08;1
17.08.08;1
18.08.08;1
19.08.08;1
20.08.08;1
21.08.08;1
22.08.08;1
23.08.08;1
24.08.08;1
25.08.08;1
26.08.08;1
27.08.08;1
28.08.08;1
29.08.08;1
30.08.08;1
31.08.08;1
01.09.08;1
02.09.08;1
03.09.08;1
04.09.08;1
05.09.08;1
06.09.08;1
07.09.08;1
08.09.08;1
09.09.08;1
10.09.08;1
11.09.08;1
12.09.08;1
13.09.08;1
14.09.08;1
15.09.08;1
03.11.08;1
04.11.08;1
05.11.08;1
06.11.08;1
07.11.08;1
22.12.08;1
23.12.08;1
24.12.08;1
25.12.08;1
26.12.08;1
27.12.08;1
28.12.08;1
29.12.08;1
30.12.08;1
31.12.08;1
01.01.09;1
02.01.09;1
03.01.09;1
04.01.09;1
05.01.09;1
23.02.09;1
24.02.09;1
25.02.09;1
26.02.09;1
27.02.09;1
28.02.09;1
06.04.09;1
07.04.09;1
08.04.09;1
09.04.09;1
10.04.09;1
11.04.09;1
12.04.09;1
13.04.09;1
14.04.09;1
15.04.09;1
16.04.09;1
17.04.09;1
18.04.09;1
02.06.09;1
03.06.09;1
04.06.09;1
05.06.09;1
06.06.09;1
07.06.09;1
08.06.09;1
09.06.09;1
10.06.09;1
11.06.09;1
12.06.09;1
13.06.09;1
03.08.09;1
04.08.09;1
05.08.09;1
06.08.09;1
07.08.09;1
08.08.09;1
09.08.09;1
10.08.09;1
11.08.09;1
12.08.09;1
13.08.09;1
14.08.09;1
15.08.09;1
16.08.09;1
17.08.09;1
18.08.09;1
19.08.09;1
20.08.09;1
21.08.09;1
22.08.09;1
23.08.09;1
24.08.09;1
25.08.09;1
26.08.09;1
27.08.09;1
28.08.09;1
29.08.09;1
30.08.09;1
31.08.09;1
01.09.09;1
02.09.09;1
03.09.09;1
04.09.09;1
05.09.09;1
06.09.09;1
07.09.09;1
08.09.09;1
09.09.09;1
10.09.09;1
11.09.09;1
12.09.09;1
13.09.09;1
14.09.09;1
02.11.09;1
03.11.09;1
04.11.09;1
05.11.09;1
06.11.09;1
07.11.09;1
24.12.09;1
25.12.09;1
26.12.09;1
27.12.09;1
28.12.09;1
29.12.09;1
30.12.09;1
31.12.09;1
01.01.10;1
02.01.10;1
03.01.10;1
04.01.10;1
05.01.10;1
15.02.10;1
16.02.10;1
17.02.10;1
18.02.10;1
19.02.10;1
20.02.10;1
29.03.10;1
30.03.10;1
31.03.10;1
01.04.10;1
02.04.10;1
03.04.10;1
04.04.10;1
05.04.10;1
06.04.10;1
07.04.10;1
08.04.10;1
09.04.10;1
10.04.10;1
25.05.10;1
26.05.10;1
27.05.10;1
28.05.10;1
29.05.10;1
30.05.10;1
31.05.10;1
01.06.10;1
02.06.10;1
03.06.10;1
04.06.10;1
05.06.10;1
02.08.10;1
03.08.10;1
04.08.10;1
05.08.10;1
06.08.10;1
07.08.10;1
08.08.10;1
09.08.10;1
10.08.10;1
11.08.10;1
12.08.10;1
13.08.10;1
14.08.10;1
15.08.10;1
16.08.10;1
17.08.10;1
18.08.10;1
19.08.10;1
20.08.10;1
21.08.10;1
22.08.10;1
23.08.10;1
24.08.10;1
25.08.10;1
26.08.10;1
27.08.10;1
28.08.10;1
29.08.10;1
30.08.10;1
31.08.10;1
01.09.10;1
02.09.10;1
03.09.10;1
04.09.10;1
05.09.10;1
06.09.10;1
07.09.10;1
08.09.10;1
09.09.10;1
10.09.10;1
11.09.10;1
12.09.10;1
13.09.10;1
02.11.10;1
03.11.10;1
04.11.10;1
05.11.10;1
24.12.10;1
25.12.10;1
26.12.10;1
27.12.10;1
28.12.10;1
29.12.10;1
30.12.10;1
31.12.10;1
01.01.11;1
02.01.11;1
03.01.11;1
04.01.11;1
05.01.11;1
06.01.11;1
07.01.11;1
07.03.11;1
08.03.11;1
09.03.11;1
10.03.11;1
11.03.11;1
18.04.11;1
19.04.11;1
20.04.11;1
21.04.11;1
22.04.11;1
23.04.11;1
24.04.11;1
25.04.11;1
26.04.11;1
27.04.11;1
28.04.11;1
29.04.11;1
30.04.11;1
14.06.11;1
15.06.11;1
16.06.11;1
17.06.11;1
18.06.11;1
19.06.11;1
20.06.11;1
21.06.11;1
22.06.11;1
23.06.11;1
24.06.11;1
25.06.11;1
01.08.11;1
02.08.11;1
03.08.11;1
04.08.11;1
05.08.11;1
06.08.11;1
07.08.11;1
08.08.11;1
09.08.11;1
10.08.11;1
11.08.11;1
12.08.11;1
13.08.11;1
14.08.11;1
15.08.11;1
16.08.11;1
17.08.11;1
18.08.11;1
19.08.11;1
20.08.11;1
21.08.11;1
22.08.11;1
23.08.11;1
24.08.11;1
25.08.11;1
26.08.11;1
27.08.11;1
28.08.11;1
29.08.11;1
30.08.11;1
31.08.11;1
01.09.11;1
02.09.11;1
03.09.11;1
04.09.11;1
05.09.11;1
06.09.11;1
07.09.11;1
08.09.11;1
09.09.11;1
10.09.11;1
11.09.11;1
12.09.11;1
31.10.11;1
01.11.11;1
02.11.11;1
03.11.11;1
04.11.11;1
05.11.11;1
27.12.11;1
28.12.11;1
29.12.11;1
30.12.11;1
31.12.11;1
01.01.12;1
02.01.12;1
03.01.12;1
04.01.12;1
05.01.12;1
20.02.12;1
21.02.12;1
22.02.12;1
23.02.12;1
24.02.12;1
02.04.12;1
03.04.12;1
04.04.12;1
05.04.12;1
06.04.12;1
07.04.12;1
08.04.12;1
09.04.12;1
10.04.12;1
11.04.12;1
12.04.12;1
13.04.12;1
14.04.12;1
29.05.12;1
30.05.12;1
31.05.12;1
01.06.12;1
02.06.12;1
03.06.12;1
04.06.12;1
05.06.12;1
06.06.12;1
07.06.12;1
08.06.12;1
09.06.12;1
01.08.12;1
02.08.12;1
03.08.12;1
04.08.12;1
05.08.12;1
06.08.12;1
07.08.12;1
08.08.12;1
09.08.12;1
10.08.12;1
11.08.12;1
12.08.12;1
13.08.12;1
14.08.12;1
15.08.12;1
16.08.12;1
17.08.12;1
18.08.12;1
19.08.12;1
20.08.12;1
21.08.12;1
22.08.12;1
23.08.12;1
24.08.12;1
25.08.12;1
26.08.12;1
27.08.12;1
28.08.12;1
29.08.12;1
30.08.12;1
31.08.12;1
01.09.12;1
02.09.12;1
03.09.12;1
04.09.12;1
05.09.12;1
06.09.12;1
07.09.12;1
08.09.12;1
09.09.12;1
10.09.12;1
11.09.12;1
12.09.12;1
29.10.12;1
30.10.12;1
31.10.12;1
01.11.12;1
02.11.12;1
03.11.12;1
24.12.12;1
25.12.12;1
26.12.12;1
27.12.12;1
28.12.12;1
29.12.12;1
30.12.12;1
31.12.12;1
01.01.13;1
02.01.13;1
03.01.13;1
04.01.13;1
05.01.13;1
11.02.13;1
12.02.13;1
13.02.13;1
14.02.13;1
15.02.13;1
25.03.13;1
26.03.13;1
27.03.13;1
28.03.13;1
29.03.13;1
30.03.13;1
31.03.13;1
01.04.13;1
02.04.13;1
03.04.13;1
04.04.13;1
05.04.13;1
06.04.13;1
21.05.13;1
22.05.13;1
23.05.13;1
24.05.13;1
25.05.13;1
26.05.13;1
27.05.13;1
28.05.13;1
29.05.13;1
30.05.13;1
31.05.13;1
31.07.13;1
01.08.13;1
02.08.13;1
03.08.13;1
04.08.13;1
05.08.13;1
06.08.13;1
07.08.13;1
08.08.13;1
09.08.13;1
10.08.13;1
11.08.13;1
12.08.13;1
13.08.13;1
14.08.13;1
15.08.13;1
16.08.13;1
17.08.13;1
18.08.13;1
19.08.13;1
20.08.13;1
21.08.13;1
22.08.13;1
23.08.13;1
24.08.13;1
25.08.13;1
26.08.13;1
27.08.13;1
28.08.13;1
29.08.13;1
30.08.13;1
31.08.13;1
01.09.13;1
02.09.13;1
03.09.13;1
04.09.13;1
05.09.13;1
06.09.13;1
07.09.13;1
08.09.13;1
09.09.13;1
10.09.13;1
11.09.13;1
28.10.13;1
29.10.13;1
30.10.13;1
31.10.13;1
23.12.13;1
24.12.13;1
25.12.13;1
26.12.13;1
27.12.13;1
28.12.13;1
29.12.13;1
30.12.13;1
31.12.13;1
01.01.14;1
02.01.14;1
03.01.14;1
04.01.14;1
03.03.14;1
04.03.14;1
05.03.14;1
06.03.14;1
07.03.14;1
14.04.14;1
15.04.14;1
16.04.14;1
17.04.14;1
18.04.14;1
19.04.14;1
20.04.14;1
21.04.14;1
22.04.14;1
23.04.14;1
24.04.14;1
25.04.14;1
26.04.14;1
10.06.14;1
11.06.14;1
12.06.14;1
13.06.14;1
14.06.14;1
15.06.14;1
16.06.14;1
17.06.14;1
18.06.14;1
19.06.14;1
20.06.14;1
21.06.14;1
30.07.14;1
31.07.14;1
01.08.14;1
02.08.14;1
03.08.14;1
04.08.14;1
05.08.14;1
06.08.14;1
07.08.14;1
08.08.14;1
09.08.14;1
10.08.14;1
11.08.14;1
12.08.14;1
13.08.14;1
14.08.14;1
15.08.14;1
16.08.14;1
17.08.14;1
18.08.14;1
19.08.14;1
20.08.14;1
21.08.14;1
22.08.14;1
23.08.14;1
24.08.14;1
25.08.14;1
26.08.14;1
27.08.14;1
28.08.14;1
29.08.14;1
30.08.14;1
31.08.14;1
01.09.14;1
02.09.14;1
03.09.14;1
04.09.14;1
05.09.14;1
06.09.14;1
07.09.14;1
08.09.14;1
09.09.14;1
10.09.14;1
11.09.14;1
12.09.14;1
13.09.14;1
14.09.14;1
15.09.14;1
27.10.14;1
28.10.14;1
29.10.14;1
30.10.14;1
31.10.14;1
24.12.14;1
25.12.14;1
26.12.14;1
27.12.14;1
28.12.14;1
29.12.14;1
30.12.14;1
31.12.14;1
01.01.15;1
02.01.15;1
03.01.15;1
04.01.15;1
05.01.15;1
16.02.15;1
17.02.15;1
18.02.15;1
19.02.15;1
20.02.15;1
30.03.15;1
31.03.15;1
01.04.15;1
02.04.15;1
03.04.15;1
04.04.15;1
05.04.15;1
06.04.15;1
07.04.15;1
08.04.15;1
09.04.15;1
10.04.15;1
11.04.15;1
26.05.15;1
27.05.15;1
28.05.15;1
29.05.15;1
30.05.15;1
31.05.15;1
01.06.15;1
02.06.15;1
03.06.15;1
04.06.15;1
05.06.15;1
01.08.15;1
02.08.15;1
03.08.15;1
04.08.15;1
05.08.15;1
06.08.15;1
07.08.15;1
08.08.15;1
09.08.15;1
10.08.15;1
11.08.15;1
12.08.15;1
13.08.15;1
14.08.15;1
15.08.15;1
16.08.15;1
17.08.15;1
18.08.15;1
19.08.15;1
20.08.15;1
21.08.15;1
22.08.15;1
23.08.15;1
24.08.15;1
25.08.15;1
26.08.15;1
27.08.15;1
28.08.15;1
29.08.15;1
30.08.15;1
31.08.15;1
01.09.15;1
02.09.15;1
03.09.15;1
04.09.15;1
05.09.15;1
06.09.15;1
07.09.15;1
08.09.15;1
09.09.15;1
10.09.15;1
11.09.15;1
12.09.15;1
13.09.15;1
14.09.15;1
02.11.15;1
03.11.15;1
04.11.15;1
05.11.15;1
06.11.15;1
07.11.15;1
24.12.15;1
25.12.15;1
26.12.15;1
27.12.15;1
28.12.15;1
29.12.15;1
30.12.15;1
31.12.15;1
01.01.16;1
02.01.16;1
03.01.16;1
04.01.16;1
05.01.16;1
08.02.16;1
09.02.16;1
10.02.16;1
11.02.16;1
12.02.16;1
21.03.16;1
22.03.16;1
23.03.16;1
24.03.16;1
25.03.16;1
26.03.16;1
27.03.16;1
28.03.16;1
29.03.16;1
30.03.16;1
31.03.16;1
01.04.16;1
17.05.16;1
18.05.16;1
19.05.16;1
20.05.16;1
21.05.16;1
22.05.16;1
23.05.16;1
24.05.16;1
25.05.16;1
26.05.16;1
27.05.16;1
28.05.16;1
30.07.16;1
31.07.16;1
01.08.16;1
02.08.16;1
03.08.16;1
04.08.16;1
05.08.16;1
06.08.16;1
07.08.16;1
08.08.16;1
09.08.16;1
10.08.16;1
11.08.16;1
12.08.16;1
13.08.16;1
14.08.16;1
15.08.16;1
16.08.16;1
17.08.16;1
18.08.16;1
19.08.16;1
20.08.16;1
21.08.16;1
22.08.16;1
23.08.16;1
24.08.16;1
25.08.16;1
26.08.16;1
27.08.16;1
28.08.16;1
29.08.16;1
30.08.16;1
31.08.16;1
01.09.16;1
02.09.16;1
03.09.16;1
04.09.16;1
05.09.16;1
06.09.16;1
07.09.16;1
08.09.16;1
09.09.16;1
10.09.16;1
11.09.16;1
12.09.16;1
31.10.16;1
01.11.16;1
02.11.16;1
03.11.16;1
04.11.16;1
24.12.16;1
25.12.16;1
26.12.16;1
27.12.16;1
28.12.16;1
29.12.16;1
30.12.16;1
31.12.16;1
01.01.17;1
02.01.17;1
03.01.17;1
04.01.17;1
05.01.17;1
27.02.17;1
28.02.17;1
01.03.17;1
02.03.17;1
03.03.17;1
10.04.17;1
11.04.17;1
12.04.17;1
13.04.17;1
14.04.17;1
15.04.17;1
16.04.17;1
17.04.17;1
18.04.17;1
19.04.17;1
20.04.17;1
21.04.17;1
22.04.17;1
06.06.17;1
07.06.17;1
08.06.17;1
09.06.17;1
10.06.17;1
11.06.17;1
12.06.17;1
13.06.17;1
14.06.17;1
15.06.17;1
16.06.17;1
29.07.17;1
30.07.17;1
31.07.17;1
01.08.17;1
02.08.17;1
03.08.17;1
04.08.17;1
05.08.17;1
06.08.17;1
07.08.17;1
08.08.17;1
09.08.17;1
10.08.17;1
11.08.17;1
12.08.17;1
13.08.17;1
14.08.17;1
15.08.17;1
16.08.17;1
17.08.17;1
18.08.17;1
19.08.17;1
20.08.17;1
21.08.17;1
22.08.17;1
23.08.17;1
24.08.17;1
25.08.17;1
26.08.17;1
27.08.17;1
28.08.17;1
29.08.17;1
30.08.17;1
31.08.17;1
01.09.17;1
02.09.17;1
03.09.17;1
04.09.17;1
05.09.17;1
06.09.17;1
07.09.17;1
08.09.17;1
09.09.17;1
10.09.17;1
11.09.17;1
30.10.17;1
31.10.17;1
01.11.17;1
02.11.17;1
03.11.17;1
23.12.17;1
24.12.17;1
25.12.17;1
26.12.17;1
27.12.17;1
28.12.17;1
29.12.17;1
30.12.17;1
31.12.17;1
01.01.18;1
02.01.18;1
03.01.18;1
04.01.18;1
05.01.18;1
12.02.18;1
13.02.18;1
14.02.18;1
15.02.18;1
16.02.18;1
26.03.18;1
27.03.18;1
28.03.18;1
29.03.18;1
30.03.18;1
31.03.18;1
01.04.18;1
02.04.18;1
03.04.18;1
04.04.18;1
05.04.18;1
06.04.18;1
07.04.18;1
22.05.18;1
23.05.18;1
24.05.18;1
25.05.18;1
26.05.18;1
27.05.18;1
28.05.18;1
29.05.18;1
30.05.18;1
31.05.18;1
01.06.18;1
02.06.18;1
30.07.18;1
31.07.18;1
01.08.18;1
02.08.18;1
03.08.18;1
04.08.18;1
05.08.18;1
06.08.18;1
07.08.18;1
08.08.18;1
09.08.18;1
10.08.18;1
11.08.18;1
12.08.18;1
13.08.18;1
14.08.18;1
15.08.18;1
16.08.18;1
17.08.18;1
18.08.18;1
19.08.18;1
20.08.18;1
21.08.18;1
22.08.18;1
23.08.18;1
24.08.18;1
25.08.18;1
26.08.18;1
27.08.18;1
28.08.18;1
29.08.18;1
30.08.18;1
31.08.18;1
01.09.18;1
02.09.18;1
03.09.18;1
04.09.18;1
05.09.18;1
06.09.18;1
07.09.18;1
08.09.18;1
09.09.18;1
10.09.18;1
29.10.18;1
30.10.18;1
31.10.18;1
01.11.18;1
02.11.18;1
22.12.18;1
23.12.18;1
24.12.18;1
25.12.18;1
26.12.18;1
27.12.18;1
28.12.18;1
29.12.18;1
30.12.18;1
31.12.18;1
01.01.19;1
02.01.19;1
03.01.19;1
04.01.19;1
05.01.19;1
04.03.19;1
05.03.19;1
06.03.19;1
07.03.19;1
08.03.19;1
15.04.19;1
16.04.19;1
17.04.19;1
18.04.19;1
19.04.19;1
20.04.19;1
21.04.19;1
22.04.19;1
23.04.19;1
24.04.19;1
25.04.19;1
26.04.19;1
27.04.19;1
11.06.19;1
12.06.19;1
13.06.19;1
14.06.19;1
15.06.19;1
16.06.19;1
17.06.19;1
18.06.19;1
19.06.19;1
20.06.19;1
21.06.19;1
29.07.19;1
30.07.19;1
31.07.19;1
01.08.19;1
02.08.19;1
03.08.19;1
04.08.19;1
05.08.19;1
06.08.19;1
07.08.19;1
08.08.19;1
09.08.19;1
10.08.19;1
11.08.19;1
12.08.19;1
13.08.19;1
14.08.19;1
15.08.19;1
16.08.19;1
17.08.19;1
18.08.19;1
19.08.19;1
20.08.19;1
21.08.19;1
22.08.19;1
23.08.19;1
24.08.19;1
25.08.19;1
26.08.19;1
27.08.19;1
28.08.19;1
29.08.19;1
30.08.19;1
31.08.19;1
01.09.19;1
02.09.19;1
03.09.19;1
04.09.19;1
05.09.19;1
06.09.19;1
07.09.19;1
08.09.19;1
09.09.19;1
28.10.19;1
29.10.19;1
30.10.19;1
31.10.19;1
23.12.19;1
24.12.19;1
25.12.19;1
26.12.19;1
27.12.19;1
28.12.19;1
29.12.19;1
30.12.19;1
31.12.19;1
01.01.20;1
02.01.20;1
03.01.20;1
04.01.20;1
24.02.20;1
25.02.20;1
26.02.20;1
27.02.20;1
28.02.20;1
06.04.20;1
07.04.20;1
08.04.20;1
09.04.20;1
10.04.20;1
11.04.20;1
12.04.20;1
13.04.20;1
14.04.20;1
15.04.20;1
16.04.20;1
17.04.20;1
18.04.20;1
02.06.20;1
03.06.20;1
04.06.20;1
05.06.20;1
06.06.20;1
07.06.20;1
08.06.20;1
09.06.20;1
10.06.20;1
11.06.20;1
12.06.20;1
13.06.20;1
27.07.20;1
28.07.20;1
29.07.20;1
30.07.20;1
31.07.20;1
01.08.20;1
02.08.20;1
03.08.20;1
04.08.20;1
05.08.20;1
06.08.20;1
07.08.20;1
08.08.20;1
09.08.20;1
10.08.20;1
11.08.20;1
12.08.20;1
13.08.20;1
14.08.20;1
15.08.20;1
16.08.20;1
17.08.20;1
18.08.20;1
19.08.20;1
20.08.20;1
21.08.20;1
22.08.20;1
23.08.20;1
24.08.20;1
25.08.20;1
26.08.20;1
27.08.20;1
28.08.20;1
29.08.20;1
30.08.20;1
31.08.20;1
01.09.20;1
02.09.20;1
03.09.20;1
04.09.20;1
05.09.20;1
06.09.20;1
07.09.20;1
31.10.20;1
01.11.20;1
02.11.20;1
03.11.20;1
04.11.20;1
05.11.20;1
06.11.20;1
21.12.20;1
22.12.20;1
23.12.20;1
24.12.20;1
25.12.20;1
26.12.20;1
27.12.20;1
28.12.20;1
29.12.20;1
30.12.20;1
31.12.20;1
01.01.21;1
02.01.21;1
03.01.21;1
04.01.21;1
05.01.21;1
06.01.21;1
07.01.21;1
08.01.21;1
09.01.21;1
29.03.21;1
30.03.21;1
31.03.21;1
01.04.21;1
02.04.21;1
03.04.21;1
04.04.21;1
05.04.21;1
06.04.21;1
07.04.21;1
08.04.21;1
09.04.21;1
10.04.21;1
25.05.21;1
26.05.21;1
27.05.21;1
28.05.21;1
29.05.21;1
30.05.21;1
31.05.21;1
01.06.21;1
02.06.21;1
03.06.21;1
04.06.21;1
30.07.21;1
31.07.21;1
01.08.21;1
02.08.21;1
03.08.21;1
04.08.21;1
05.08.21;1
06.08.21;1
07.08.21;1
08.08.21;1
09.08.21;1
10.08.21;1
11.08.21;1
12.08.21;1
13.08.21;1
14.08.21;1
15.08.21;1
16.08.21;1
17.08.21;1
18.08.21;1
19.08.21;1
20.08.21;1
21.08.21;1
22.08.21;1
23.08.21;1
24.08.21;1
25.08.21;1
26.08.21;1
27.08.21;1
28.08.21;1
29.08.21;1
30.08.21;1
31.08.21;1
01.09.21;1
02.09.21;1
03.09.21;1
04.09.21;1
05.09.21;1
06.09.21;1
07.09.21;1
08.09.21;1
09.09.21;1
10.09.21;1
11.09.21;1
12.09.21;1
13.09.21;1
02.11.21;1
03.11.21;1
04.11.21;1
05.11.21;1
24.12.21;1
25.12.21;1
26.12.21;1
27.12.21;1
28.12.21;1
29.12.21;1
30.12.21;1
31.12.21;1
01.01.22;1
02.01.22;1
03.01.22;1
04.01.22;1
05.01.22;1
06.01.22;1
07.01.22;1
08.01.22;1
28.02.22;1
01.03.22;1
02.03.22;1
03.03.22;1
04.03.22;1
11.04.22;1
12.04.22;1
13.04.22;1
14.04.22;1
15.04.22;1
16.04.22;1
17.04.22;1
18.04.22;1
19.04.22;1
20.04.22;1
21.04.22;1
22.04.22;1
23.04.22;1
07.06.22;1
08.06.22;1
09.06.22;1
10.06.22;1
11.06.22;1
12.06.22;1
13.06.22;1
14.06.22;1
15.06.22;1
16.06.22;1
17.06.22;1
18.06.22;1
01.08.22;1
02.08.22;1
03.08.22;1
04.08.22;1
05.08.22;1
06.08.22;1
07.08.22;1
08.08.22;1
09.08.22;1
10.08.22;1
11.08.22;1
12.08.22;1
13.08.22;1
14.08.22;1
15.08.22;1
16.08.22;1
17.08.22;1
18.08.22;1
19.08.22;1
20.08.22;1
21.08.22;1
22.08.22;1
23.08.22;1
24.08.22;1
25.08.22;1
26.08.22;1
27.08.22;1
28.08.22;1
29.08.22;1
30.08.22;1
31.08.22;1
01.09.22;1
02.09.22;1
03.09.22;1
04.09.22;1
05.09.22;1
06.09.22;1
07.09.22;1
08.09.22;1
09.09.22;1
10.09.22;1
11.09.22;1
12.09.22;1
31.10.22;1
01.11.22;1
02.11.22;1
03.11.22;1
04.11.22;1
24.12.22;1
25.12.22;1
26.12.22;1
27.12.22;1
28.12.22;1
29.12.22;1
30.12.22;1
31.12.22;1
16.11.22;1
17.11.21;1
18.11.20;1
20.11.19;1
21.11.18;1
22.11.17;1
16.11.16;1
18.11.15;1
19.11.14;1